순위,브랜드명,의류명,링크,품번,성별,조회수,누적판매량(1년),좋아요,구매후기 개수
1위,수아레,워셔블 하찌 니트 - 11 COLOR,https://www.musinsa.com/app/goods/2396645?loc=goods_rank,1709399,남,17.4만 회 이상,9.2만 개 이상,"82,193","후기 22,446개 보기"
2위,무신사 스탠다드,레이어드 크루 넥 반팔 티셔츠_일반 기장 [화이트],https://www.musinsa.com/app/goods/2086653?loc=goods_rank,MMATS701-WH,남,19.2만 회 이상,21.6만 개 이상,"74,286","후기 37,692개 보기"
3위,스파오,(시티보이) 오버핏 옥스포드 셔츠_SPYWD23C01,https://www.musinsa.com/app/goods/2272830?loc=goods_rank,SPYWD23C01,남,22.5만 회 이상,5만 개 이상,"45,533","후기 17,512개 보기"
4위,예일,(23SS) 2 TONE ARCH HOODIE GRAY,https://www.musinsa.com/app/goods/2326935?loc=goods_rank,YD01HD1007GR,남 여,14.2만 회 이상,6.7만 개 이상,"83,194","후기 12,586개 보기"
5위,토피,에센셜 후드 스웻 셔츠 (MELANGE GREY),https://www.musinsa.com/app/goods/2314616?loc=goods_rank,TAS-EHSS,남,12.7만 회 이상,4.1만 개 이상,"42,672","후기 7,724개 보기"
6위,소버먼트,980g pigment mtm-charcoal-,https://www.musinsa.com/app/goods/1582356?loc=goods_rank,pg-mtm-05,남,14.5만 회 이상,3.2만 개 이상,"61,396","후기 15,711개 보기"
7위,무신사 스탠다드,베이식 긴팔 티셔츠 2팩,https://www.musinsa.com/app/goods/2149254?loc=goods_rank,MMATL411,남,14만 회 이상,11.9만 개 이상,"57,074","후기 31,388개 보기"
8위,트래블,[3-PACK]베이직 트래블러 피그먼트 스웨트셔츠,https://www.musinsa.com/app/goods/1817394?loc=goods_rank,TRTOAWCR92U,남 여,12만 회 이상,2만 개 이상,"53,646","후기 6,881개 보기"
9위,굿라이프웍스,카라 케이블 니트 집업 블랙,https://www.musinsa.com/app/goods/2194649?loc=goods_rank,22FWGK05BK,남 여,11.3만 회 이상,1.9만 개 이상,"51,919","후기 4,107개 보기"
10위,스컬프터,Velour Soccer Jersey Black,https://www.musinsa.com/app/goods/3034895?loc=goods_rank,SC22A234BK,여,9.4만 회 이상,2.1천 개 이상,"13,366",후기 251개 보기
11위,코드그라피,[SET] (맨투맨 OR 후드 선택) CGP 아치 로고 트레이닝 셋업_멜란지그레이,https://www.musinsa.com/app/goods/2043036?loc=goods_rank,CBCS1TL300MGCBCS1TH300MGCBCS1PL300MG,남,8.7만 회 이상,1.8만 개 이상,"83,017","후기 7,340개 보기"
12위,커버낫,에센셜 쿨 코튼 2-PACK 티셔츠 블랙,https://www.musinsa.com/app/goods/1848166?loc=goods_rank,CO0000STE1BK,남 여,8.9만 회 이상,14.1만 개 이상,"132,970","후기 40,387개 보기"
13위,유니온블루,LAUNDRY SHIRT (LAVENDER GRAY),https://www.musinsa.com/app/goods/2375962?loc=goods_rank,UNION-SH05,남,6.5만 회 이상,7.5천 개 이상,"6,918","후기 4,726개 보기"
14위,라퍼지스토어,[SS Ver.]헤비 코튼 오버 럭비 맨투맨_Midnight Blue,https://www.musinsa.com/app/goods/2038497?loc=goods_rank,m1037_685555,남 여,18.8만 회 이상,4.4만 개 이상,"118,813","후기 15,915개 보기"
15위,드로우핏,오버사이즈 집업 카라 터틀넥 니트 [M.GREY],https://www.musinsa.com/app/goods/2226767?loc=goods_rank,DFKN2105MGY,남,7.1만 회 이상,1.6만 개 이상,"40,820","후기 7,027개 보기"
16위,엘무드,화란 세미오버 니트 블랙,https://www.musinsa.com/app/goods/1139175?loc=goods_rank,LMDN001,남 여,5.8만 회 이상,1.9만 개 이상,"33,941","후기 24,868개 보기"
17위,꼼파뇨,크래킹 스냅 레글런 후드티 블랙,https://www.musinsa.com/app/goods/2877493?loc=goods_rank,C22FB13,여,11.8만 회 이상,7.1천 개 이상,"41,040","후기 1,202개 보기"
18위,마르디 메크르디,SWEATSHIRT FLOWERMARDI BLOSSOM_NAVY WHITE,https://www.musinsa.com/app/goods/3071087?loc=goods_rank,5002424641,여,8만 회 이상,1.8천 개 이상,"6,821",후기 205개 보기
19위,디스이즈네버댓,T-Logo Hoodie Navy,https://www.musinsa.com/app/goods/2758347?loc=goods_rank,TN220TSWHO01NA,남 여,7.4만 회 이상,8.1천 개 이상,"26,131","후기 1,364개 보기"
20위,트릴리온,워셔블 하프 집업 카라넥 하찌 니트 (PURE BLACK),https://www.musinsa.com/app/goods/2775713?loc=goods_rank,TRFKN03,남 여,12.6만 회 이상,1.8만 개 이상,"33,718","후기 2,676개 보기"
21위,소버먼트,950g solid hoody-deep black-,https://www.musinsa.com/app/goods/2374814?loc=goods_rank,SVHD03DB,남,6.2만 회 이상,5천 개 이상,"6,963","후기 1,062개 보기"
22위,무신사 스탠다드,레이어드 크루 넥 반팔 티셔츠_일반 기장 2팩,https://www.musinsa.com/app/goods/2122566?loc=goods_rank,MMATS402,남,8.8만 회 이상,5만 개 이상,"18,527","후기 14,490개 보기"
23위,아메스 월드와이드,LEISURE TIME LOGO SWEATSHIRT NAVY,https://www.musinsa.com/app/goods/3032250?loc=goods_rank,AM2DSUM441ANV,여,13.9만 회 이상,3.9천 개 이상,"20,312",후기 495개 보기
24위,노매뉴얼,CROPPED HAIRY KNIT - GRASS GREEN,https://www.musinsa.com/app/goods/2684358?loc=goods_rank,NM23KT01M1GN,남 여,6.8만 회 이상,9.1천 개 이상,"32,271","후기 3,068개 보기"
25위,무신사 스탠다드,레이어드 크루 넥 반팔 티셔츠_긴 기장 [화이트],https://www.musinsa.com/app/goods/1382658?loc=goods_rank,MMJTS113-WH,남,7만 회 이상,7.9만 개 이상,"80,804","후기 46,854개 보기"
26위,1993스튜디오,90S 트랙 스웨트셔츠_그레이,https://www.musinsa.com/app/goods/2313388?loc=goods_rank,93221TMT1001,남 여,9.9만 회 이상,9.5천 개 이상,"66,062","후기 1,970개 보기"
27위,코드그라피,[SET] (긴바지 OR 반바지 선택) 24H 트랙 브이넥 맨투맨 셋업_네이비,https://www.musinsa.com/app/goods/3011254?loc=goods_rank,CBCS1TL025NYCBCS1PL025NYCBCS1PS025NY,남,8.4만 회 이상,1.7천 개 이상,"8,532",후기 159개 보기
28위,엘무드,화란 세미오버 니트 크림,https://www.musinsa.com/app/goods/1139101?loc=goods_rank,LMDN001,남 여,3.3만 회 이상,9.4천 개 이상,"16,853","후기 13,254개 보기"
29위,와릿이즌,SIGN LOGO HOOD BLACK,https://www.musinsa.com/app/goods/2758254?loc=goods_rank,MG2200HD11BK,남 여,9만 회 이상,4.6천 개 이상,"7,376",후기 495개 보기
30위,와릿이즌,SIGN LOGO HOOD GRAY,https://www.musinsa.com/app/goods/2758252?loc=goods_rank,MG2200HD11GR,남 여,7.5만 회 이상,4.3천 개 이상,"5,778",후기 508개 보기
31위,커버낫,쿨 코튼 2-PACK 티셔츠 화이트,https://www.musinsa.com/app/goods/1943792?loc=goods_rank,CO2102ST01WH,남 여,3.8만 회 이상,2만 개 이상,"21,501","후기 5,050개 보기"
32위,브라운브레스,TAG HOODIE - ASH,https://www.musinsa.com/app/goods/1574201?loc=goods_rank,BHWMHDB10AS,남 여,5만 회 이상,1.1만 개 이상,"43,946","후기 4,485개 보기"
33위,엠오오,피치스킨 벌룬오버 후드 - 블랙,https://www.musinsa.com/app/goods/2109937?loc=goods_rank,MOO_21T3BLACK,남,5만 회 이상,6.4천 개 이상,"11,894",후기 900개 보기
34위,트릴리온,컬러 배색 1992 그래픽 후드 (NAVY),https://www.musinsa.com/app/goods/2995119?loc=goods_rank,TRSHT04,남 여,9만 회 이상,4.2천 개 이상,"15,688",후기 404개 보기
35위,페플,[패키지] 더블코튼 무지반팔  패키지 KHST1011,https://www.musinsa.com/app/goods/345889?loc=goods_rank,565175,남,5만 회 이상,3.3만 개 이상,"24,333","후기 9,302개 보기"
36위,필루미네이트,오버핏 그래피티 로고 후디-멜란지그레이,https://www.musinsa.com/app/goods/2913656?loc=goods_rank,Overfit Graffiti Logo Hoodie,남 여,11.2만 회 이상,2.7천 개 이상,"23,889",후기 192개 보기
37위,슬로우애시드,피치스킨 러스티 로고 스웨트셔츠 [블랙],https://www.musinsa.com/app/goods/2970541?loc=goods_rank,SL22WT-M4-BK,남 여,6.8만 회 이상,3.8천 개 이상,"20,416",후기 461개 보기
38위,제멋,로그 오버핏 기모 후드 그레이 YHHD2302,https://www.musinsa.com/app/goods/1615829?loc=goods_rank,1992007,남,7.7만 회 이상,2.3만 개 이상,"74,841","후기 18,360개 보기"
39위,무신사 스탠다드,릴렉스 핏 옥스포드 셔츠 [화이트],https://www.musinsa.com/app/goods/854337?loc=goods_rank,MHSH3004-WH,남,4.8만 회 이상,2.3만 개 이상,"19,596","후기 16,937개 보기"
40위,유니온블루,LAUNDRY SHIRT (LEMON),https://www.musinsa.com/app/goods/2065708?loc=goods_rank,UNION-SH05,남,3만 회 이상,4.9천 개 이상,"7,010","후기 6,274개 보기"
41위,필루미네이트,오버핏 아치 로고 스웨트 셔츠-그린,https://www.musinsa.com/app/goods/2171559?loc=goods_rank,Overfit Arch Logo Sweat Shirt,남 여,5.4만 회 이상,1.5만 개 이상,"26,427","후기 3,981개 보기"
42위,예일,(23SS) (YALE HEAVYWEIGHT) MIXED HOODIE NAVY,https://www.musinsa.com/app/goods/1717771?loc=goods_rank,YA11HD0011NA,남,4만 회 이상,1.9만 개 이상,"55,039","후기 3,860개 보기"
43위,제멋,[패키지] 올카 오버핏 스웨트셔츠 9종 2PACK KJMT2463,https://www.musinsa.com/app/goods/3039449?loc=goods_rank,5002030547,남,4.5만 회 이상,2.9천 개 이상,"4,568",후기 359개 보기
44위,무신사 스탠다드,플랫 테리 오버사이즈 스트링 스웨트셔츠 [블랙],https://www.musinsa.com/app/goods/2126149?loc=goods_rank,MMATK706-BK,남,4만 회 이상,4.9천 개 이상,"4,886","후기 1,261개 보기"
45위,메인부스,Traveler Oversized Sweater(TEAL GREEN),https://www.musinsa.com/app/goods/2099802?loc=goods_rank,MB21F2KNU09TG,남 여,5.1만 회 이상,1만 개 이상,"44,070","후기 3,792개 보기"
46위,무신사 스탠다드,릴렉스 핏 크루 넥 반팔 티셔츠 [화이트],https://www.musinsa.com/app/goods/996177?loc=goods_rank,MITS0005-WH,남,5만 회 이상,10.9만 개 이상,"70,052","후기 76,849개 보기"
47위,유니온블루,LAUNDRY SHIRT (SKY BLUE),https://www.musinsa.com/app/goods/2065712?loc=goods_rank,UNION-SH05,남,3.2만 회 이상,5.7천 개 이상,"7,798","후기 6,429개 보기"
48위,소버먼트,950g solid hoody-8%gray-,https://www.musinsa.com/app/goods/2374788?loc=goods_rank,SVHD02GR,남,2.7만 회 이상,3.2천 개 이상,"3,634",후기 747개 보기
49위,와릿이즌,SMALL SIGN LOGO SWEATSHIRT BLACK,https://www.musinsa.com/app/goods/2758245?loc=goods_rank,MG2200CR10BK,남 여,6.8만 회 이상,3.8천 개 이상,"3,412",후기 469개 보기
50위,라퍼지스토어,[23SS Ver.][Package]시티보이 빅오버 옥스포드 셔츠_8 Color,https://www.musinsa.com/app/goods/2646350?loc=goods_rank,m1037_685523,남 여,9.3만 회 이상,1.7만 개 이상,"25,130","후기 3,768개 보기"
51위,예일,(23SS) [ONEMILE WEAR] SMALL ARCH CREWNECK BLACK,https://www.musinsa.com/app/goods/2328113?loc=goods_rank,YD01CR1001BK,남 여,4.4만 회 이상,1.2만 개 이상,"18,943","후기 1,844개 보기"
52위,브라운브레스,TAG HOODIE - BLACK,https://www.musinsa.com/app/goods/2058188?loc=goods_rank,BGWMHDB01BK,남 여,3.2만 회 이상,1.3만 개 이상,"56,523","후기 7,669개 보기"
53위,코드그라피,[SET] (맨투맨 OR 후드 선택) CGP 아치 로고 트레이닝 셋업_오트밀,https://www.musinsa.com/app/goods/2680289?loc=goods_rank,CBCS1TL300OTCBCS1TH300OTCBCS1PL300OT,남 여,4.6만 회 이상,6.8천 개 이상,"24,019","후기 1,241개 보기"
54위,폴로 랄프 로렌,커스텀핏 옥스포드 셔츠 - 화이트,https://www.musinsa.com/app/goods/1706633?loc=goods_rank,MNPOWOV16820444-100,남,2.3만 회 이상,4.3천 개 이상,"11,703","후기 2,334개 보기"
55위,드로우핏,오버사이즈 집업 카라 터틀넥 니트 [BLACK],https://www.musinsa.com/app/goods/2226766?loc=goods_rank,DFKN2105BK,남,2.3만 회 이상,1만 개 이상,"21,532","후기 4,610개 보기"
56위,폴로 랄프 로렌,커스텀핏 데님 셔츠 - 네이비,https://www.musinsa.com/app/goods/1498105?loc=goods_rank,MNPOWOV16820449-410,남,1.6만 회 이상,2.6천 개 이상,"6,136","후기 1,924개 보기"
57위,코드그라피,[SET] (긴바지 OR 반바지 선택) 90S CGP 믹스 배색 후디 셋업_네이비,https://www.musinsa.com/app/goods/3011224?loc=goods_rank,CBCS1TH022NYCBCS1PL022MGCBCS1PS022MG,남,3.2만 회 이상,1.2천 개 이상,"3,437",후기 111개 보기
58위,펀치드렁크파티즈,Garment Dyed Hoodie (CHARCOAL),https://www.musinsa.com/app/goods/2858494?loc=goods_rank,PDP221TSBK07,남,3.8만 회 이상,1.1천 개 이상,"5,389",후기 296개 보기
59위,유니온블루,LAUNDRY SHIRT (WHITE),https://www.musinsa.com/app/goods/2065703?loc=goods_rank,UNION-SH05,남,3만 회 이상,4.3천 개 이상,"5,779","후기 5,210개 보기"
60위,디스이즈네버댓,T-Logo Hoodie Light Heather Grey,https://www.musinsa.com/app/goods/2758348?loc=goods_rank,TN220TSWHO01LHG,남 여,6만 회 이상,5.1천 개 이상,"28,526",후기 963개 보기
61위,무신사 스탠다드,스웨트셔츠 [블랙],https://www.musinsa.com/app/goods/947067?loc=goods_rank,MITS0001-BK,남,5.1만 회 이상,2.4만 개 이상,"30,135","후기 22,014개 보기"
62위,니티드,[니티드X깡스타일리스트] 코튼 미니멀 라운드 니트 BLACK,https://www.musinsa.com/app/goods/2757451?loc=goods_rank,1450580,남,4.7만 회 이상,1.5만 개 이상,"16,999","후기 5,000개 보기"
63위,비바스튜디오,RESEARCH HOODIE [KHAKI],https://www.musinsa.com/app/goods/2329895?loc=goods_rank,LSVT21,남,4만 회 이상,7.5천 개 이상,"34,909","후기 1,954개 보기"
64위,코드그라피,[SET] (맨투맨 OR 후드 선택) CGP 아치 로고 트레이닝 셋업_블랙,https://www.musinsa.com/app/goods/2043053?loc=goods_rank,CBCS1TL301BKCBCS1TH301BKCBCS1PL301BK,남 여,3.3만 회 이상,5.8천 개 이상,"20,585","후기 1,885개 보기"
65위,코드그라피,[SET] (맨투맨 OR 후드 선택) CGP 아치 로고 트레이닝 셋업_네이비,https://www.musinsa.com/app/goods/2043056?loc=goods_rank,CBCS1TL300NYCBCS1TH300NYCBCS1PL300NY,남,3.4만 회 이상,1.2만 개 이상,"45,414","후기 5,354개 보기"
66위,토피,에센셜 후드 스웻 셔츠 (BLACK),https://www.musinsa.com/app/goods/2314617?loc=goods_rank,TAS-EHSS,남,2.7만 회 이상,1.2만 개 이상,"10,248","후기 2,263개 보기"
67위,수아레,[짱구대디X수아레] 데일리 울100 워셔블 니트 - 7 COLOR,https://www.musinsa.com/app/goods/2942949?loc=goods_rank,5001060517,남,3.4만 회 이상,2.6천 개 이상,"4,197",후기 755개 보기
68위,나이스고스트클럽,[논기모]나마스테 스켈레톤 후디_핑크(NG2DSUM403A),https://www.musinsa.com/app/goods/3010631?loc=goods_rank,NG2DSUM403APK,남,4.5만 회 이상,1.3천 개 이상,"8,313",후기 153개 보기
69위,드로우핏,하이 벤트 레이어드 티셔츠 [WHITE],https://www.musinsa.com/app/goods/407067?loc=goods_rank,DFTS0001WH,남,2.9만 회 이상,1.5만 개 이상,"27,125","후기 21,245개 보기"
70위,어반드레스,UNISEX LAUREL OVERSIZED HOODIE - 5 COL,https://www.musinsa.com/app/goods/1211169?loc=goods_rank,22FW09,남,5.8만 회 이상,2.3만 개 이상,"53,314","후기 5,603개 보기"
71위,피지컬 에듀케이션 디파트먼트,PHYPS® STRAWBERRY HOODIE OATMEAL,https://www.musinsa.com/app/goods/2711880?loc=goods_rank,PD01HD6005OT,남 여,4.4만 회 이상,5.9천 개 이상,"25,314","후기 1,145개 보기"
72위,키뮤어,코튼 워셔블 하찌 하프집업 니트_5 COLOR,https://www.musinsa.com/app/goods/2702396?loc=goods_rank,KBBW9KL002,남 여,8.8만 회 이상,4.6만 개 이상,"69,273","후기 12,616개 보기"
73위,마르디 메크르디,SWEATSHIRT FLOWERMARDI_OATMEAL BLACK,https://www.musinsa.com/app/goods/1549281?loc=goods_rank,MM2034SW007,여,3.5만 회 이상,1.3만 개 이상,"38,603","후기 5,670개 보기"
74위,피지컬 에듀케이션 디파트먼트,PHYPS® MONDAY ROUTINE STITCH HOODIE OATMEAL,https://www.musinsa.com/app/goods/2744370?loc=goods_rank,PD01HD0004OT,남 여,4.3만 회 이상,4.6천 개 이상,"24,354",후기 985개 보기
75위,리,빅 트위치 루즈핏 후드 네이비,https://www.musinsa.com/app/goods/1571501?loc=goods_rank,LE2203HD01NA,남 여,3.5만 회 이상,1.9만 개 이상,"88,414","후기 8,311개 보기"
76위,꼼파뇨,[기모] Geppetto 자수 후드 크림,https://www.musinsa.com/app/goods/1152854?loc=goods_rank,FZ910202,남,4만 회 이상,1만 개 이상,"32,986","후기 4,203개 보기"
77위,에스피오나지,Miller Knit Sweater Burnt Orange,https://www.musinsa.com/app/goods/2419002?loc=goods_rank,20220315-08,남 여,2.6만 회 이상,1.2천 개 이상,"2,692",후기 415개 보기
78위,트릴리온,워셔블 하프 집업 카라넥 하찌 니트 (CURRENT NAVY),https://www.musinsa.com/app/goods/2775710?loc=goods_rank,TRFKN03,남 여,5.9만 회 이상,1.3만 개 이상,"30,704","후기 2,322개 보기"
79위,테이크이지,램스울 크루넥 오버니트(연차콜),https://www.musinsa.com/app/goods/1599217?loc=goods_rank,T20NT001,남 여,4.8만 회 이상,1.6만 개 이상,"76,597","후기 11,490개 보기"
80위,1993스튜디오,빈티지 반 집업_라이트그레이,https://www.musinsa.com/app/goods/2660716?loc=goods_rank,93223TMT1005,남 여,6.1만 회 이상,9.4천 개 이상,"34,511","후기 1,797개 보기"
81위,트래블,미시간 울버린 피그먼트 후드티 블랙 차콜,https://www.musinsa.com/app/goods/2099882?loc=goods_rank,TRTOAWHD12UC5,남 여,3.8만 회 이상,2.2만 개 이상,"80,788","후기 9,480개 보기"
82위,필루미네이트,오버핏 아치 로고 스웨트 셔츠-네이비,https://www.musinsa.com/app/goods/2096933?loc=goods_rank,Overfit Arch Logo Sweat Shirt,남 여,2.9만 회 이상,1.3만 개 이상,"19,113","후기 3,362개 보기"
83위,시티브리즈,링클 프리 베이직 셔츠_WHITE,https://www.musinsa.com/app/goods/2085005?loc=goods_rank,CTA0WS01WH,여,3.1만 회 이상,4.6천 개 이상,"21,330","후기 1,931개 보기"
84위,예일,(23SS) 2 TONE ARCH HOODIE BLACK,https://www.musinsa.com/app/goods/1742661?loc=goods_rank,YD01HD1007BK,남 여,2.9만 회 이상,2.1만 개 이상,"43,500","후기 6,540개 보기"
85위,필루미네이트,오버핏 그래피티 로고 후디-오트밀,https://www.musinsa.com/app/goods/3026606?loc=goods_rank,Overfit Graffiti Logo Hoodie,남 여,6.7만 회 이상,1.7천 개 이상,"13,376",후기 104개 보기
86위,무신사 스탠다드,베이식 긴팔 티셔츠 [화이트],https://www.musinsa.com/app/goods/1144989?loc=goods_rank,MITS0009-WH,남,4.1만 회 이상,4.8만 개 이상,"58,709","후기 66,737개 보기"
87위,브라운브레스,TAG HOODIE - BURGUNDY,https://www.musinsa.com/app/goods/2722805?loc=goods_rank,BISMHDB01BD,남 여,2.9만 회 이상,3.8천 개 이상,"12,870",후기 839개 보기
88위,수아레,[리뉴얼] 하프 터틀넥 니트 세트,https://www.musinsa.com/app/goods/1558847?loc=goods_rank,670743,남,2.9만 회 이상,4.8만 개 이상,"49,898","후기 27,205개 보기"
89위,인템포무드,해비 코튼 썸홀 후디 : 15color,https://www.musinsa.com/app/goods/2319988?loc=goods_rank,487389,남,3.1만 회 이상,9.1천 개 이상,"17,900","후기 5,286개 보기"
90위,폴로 랄프 로렌,클래식핏 스트레치 셔츠 - 화이트,https://www.musinsa.com/app/goods/1793989?loc=goods_rank,WMPOSHTN6820181-100,여,2.2만 회 이상,1.9천 개 이상,"17,091",후기 879개 보기
